timestamp,poll,keyword,inventory,product_id,status
03:26:45,1,milk,8,637879,stable
03:26:45,1,bread,1,448096,stable
03:26:45,1,eggs,3,498143,stable
03:26:45,1,butter,50,159,stable
03:26:45,1,cheese,3,324303,stable
03:27:30,2,milk,8,637879,stable
03:27:30,2,bread,1,448096,stable
03:27:30,2,eggs,3,498143,stable
03:27:30,2,butter,50,159,stable
03:27:30,2,cheese,3,324303,stable
03:28:13,3,milk,8,637879,stable
03:28:13,3,bread,1,448096,stable
03:28:13,3,eggs,3,498143,stable
03:28:13,3,butter,50,159,stable
03:28:13,3,cheese,3,324303,stable
03:28:56,4,milk,8,637879,stable
03:28:56,4,bread,1,448096,stable
03:28:56,4,eggs,3,498143,stable
03:28:56,4,butter,50,159,stable
03:28:56,4,cheese,3,324303,stable
03:29:38,5,milk,8,637879,stable
03:29:38,5,bread,1,448096,stable
03:29:38,5,eggs,3,498143,stable
03:29:38,5,butter,50,159,stable
03:29:38,5,cheese,3,324303,stable
03:30:22,6,milk,8,637879,stable
03:30:22,6,bread,1,448096,stable
03:30:22,6,eggs,3,498143,stable
03:30:22,6,butter,50,159,stable
03:30:22,6,cheese,3,324303,stable
03:31:05,7,milk,8,637879,stable
03:31:05,7,bread,1,448096,stable
03:31:05,7,eggs,3,498143,stable
03:31:05,7,butter,50,159,stable
03:31:05,7,cheese,3,324303,stable
03:31:47,8,milk,8,637879,stable
03:31:47,8,bread,1,448096,stable
03:31:47,8,eggs,3,498143,stable
03:31:47,8,butter,50,159,stable
03:31:47,8,cheese,3,324303,stable
03:32:30,9,milk,8,637879,stable
03:32:30,9,bread,1,448096,stable
03:32:30,9,eggs,3,498143,stable
03:32:30,9,butter,50,159,stable
03:32:30,9,cheese,3,324303,stable
03:33:13,10,milk,8,637879,stable
03:33:13,10,bread,1,448096,stable
03:33:13,10,eggs,3,498143,stable
03:33:13,10,butter,50,159,stable
03:33:13,10,cheese,3,324303,stable
03:33:56,11,milk,8,637879,stable
03:33:56,11,bread,1,448096,stable
03:33:56,11,eggs,3,498143,stable
03:33:56,11,butter,50,159,stable
03:33:56,11,cheese,3,324303,stable
03:34:39,12,milk,8,637879,stable
03:34:39,12,bread,1,448096,stable
03:34:39,12,eggs,3,498143,stable
03:34:39,12,butter,50,159,stable
03:34:39,12,cheese,3,324303,stable
03:35:21,13,milk,8,637879,stable
03:35:21,13,bread,1,448096,stable
03:35:21,13,eggs,3,498143,stable
03:35:21,13,butter,50,159,stable
03:35:21,13,cheese,3,324303,stable
03:36:04,14,milk,8,637879,stable
03:36:04,14,bread,1,448096,stable
03:36:04,14,eggs,3,498143,stable
03:36:04,14,butter,50,159,stable
03:36:04,14,cheese,3,324303,stable
03:36:47,15,milk,8,637879,stable
03:36:47,15,bread,1,448096,stable
03:36:47,15,eggs,3,498143,stable
03:36:47,15,butter,50,159,stable
03:36:47,15,cheese,3,324303,stable
03:37:31,16,milk,8,637879,stable
03:37:31,16,bread,1,448096,stable
03:37:31,16,eggs,3,498143,stable
03:37:31,16,butter,50,159,stable
03:37:31,16,cheese,3,324303,stable
03:38:14,17,milk,8,637879,stable
03:38:14,17,bread,1,448096,stable
03:38:14,17,eggs,3,498143,stable
03:38:14,17,butter,50,159,stable
03:38:14,17,cheese,3,324303,stable
03:38:57,18,milk,8,637879,stable
03:38:57,18,bread,1,448096,stable
03:38:57,18,eggs,3,498143,stable
03:38:57,18,butter,50,159,stable
03:38:57,18,cheese,3,324303,stable
03:39:40,19,milk,8,637879,stable
03:39:40,19,bread,1,448096,stable
03:39:40,19,eggs,3,498143,stable
03:39:40,19,butter,50,159,stable
03:39:40,19,cheese,3,324303,stable
03:40:22,20,milk,8,637879,stable
03:40:22,20,bread,1,448096,stable
03:40:22,20,eggs,3,498143,stable
03:40:22,20,butter,50,159,stable
03:40:22,20,cheese,3,324303,stable
03:41:05,21,milk,8,637879,stable
03:41:05,21,bread,1,448096,stable
03:41:05,21,eggs,3,498143,stable
03:41:05,21,butter,50,159,stable
03:41:05,21,cheese,3,324303,stable
03:41:48,22,milk,8,637879,stable
03:41:48,22,bread,1,448096,stable
03:41:48,22,eggs,3,498143,stable
03:41:48,22,butter,50,159,stable
03:41:48,22,cheese,3,324303,stable
03:42:30,23,milk,8,637879,stable
03:42:30,23,bread,1,448096,stable
03:42:30,23,eggs,3,498143,stable
03:42:30,23,butter,50,159,stable
03:42:30,23,cheese,3,324303,stable
03:43:12,24,milk,8,637879,stable
03:43:12,24,bread,1,448096,stable
03:43:12,24,eggs,3,498143,stable
03:43:12,24,butter,50,159,stable
03:43:12,24,cheese,3,324303,stable
03:43:54,25,milk,8,637879,stable
03:43:54,25,bread,1,448096,stable
03:43:54,25,eggs,3,498143,stable
03:43:54,25,butter,50,159,stable
03:43:54,25,cheese,3,324303,stable
12:39:55,1,milk,0,,no_data
12:39:55,1,bread,8,637879,stable
12:39:55,1,eggs,5,477483,stable
12:39:55,1,butter,1,657572,DROP 50->1
12:39:55,1,cheese,5,324303,stable
12:40:44,2,milk,0,,no_data
12:40:44,2,bread,1,771972,DROP 8->1
12:40:44,2,eggs,5,477483,stable
12:40:44,2,butter,1,657572,stable
12:40:44,2,cheese,5,324303,stable
12:41:27,3,milk,0,,no_data
12:41:27,3,bread,1,771972,stable
12:41:27,3,eggs,5,477483,stable
12:41:27,3,butter,1,657572,stable
12:41:27,3,cheese,5,324303,stable
01:14:04,1,milk,0,,no_data
01:14:42,1,milk,0,,no_data
01:14:42,1,bread,1,771972,stable
01:14:42,1,eggs,2,498145,DROP 5->2
01:14:42,1,butter,1,540691,stable
01:14:42,1,cheese,1,324303,DROP 5->1
01:15:25,2,milk,7,637879,DROP 8->7
01:15:25,2,bread,1,771972,stable
